Tag,SMILES,MW,Density,MolVolume,delta_d,delta_p,delta_h,sp
methyl methacrylate,CC(=C)C(=O)OC,100.11699999999999,0.9822942339994659,101.92160000000003,16.679486978226397,4.80761683490055,8.287354252026354,19.235350425365855
