Name,Y value,logP,carboxyl (mmol/g),carboxylate (mmol/g),hydroxyl (mmol/g),ether (mmol/g),ester (mmol/g),epoxy (mmol/g),amide (mmol/g),cyano (mmol/g),amine (mmol/g),ammonium (mmol/g),phenyl (mmol/g),methyl (mmol/g),methylene (mmol/g),methyne (mmol/g),quat_carbon (mmol/g),vinyl (mmol/g),asetylene (mmol/g),siloxane (mmol/g)
sample1,1,3.0141500000000017,1.3876746735495333,0.0,0.0,0.0,4.048073117196216,0.0,0.0,0.0,0.0,0.0,0.0,16.192292468784864,12.14421935158865,8.096146234392432,8.096146234392432,5.435747790745749,0.0,0.0
sample2,2,3.0141500000000017,1.3876746735495333,0.0,0.0,0.0,4.048073117196216,0.0,0.0,0.0,0.0,0.0,0.0,16.192292468784864,12.14421935158865,8.096146234392432,8.096146234392432,5.435747790745749,0.0,0.0
sample3,3,3.0141500000000017,1.3876746735495333,0.0,0.0,0.0,4.048073117196216,0.0,0.0,0.0,0.0,0.0,0.0,16.192292468784864,12.14421935158865,8.096146234392432,8.096146234392432,5.435747790745749,0.0,0.0
