Tag,MW,Density,MolVolume,delta_d,delta_p,delta_h,Parameter
sample1,9820.720000000025,0.91312805587235,10755.0304,16.260298064801376,0.2453485166807066,4.344523971148037,1
sample2,9952.795999999991,1.1497578446906722,8656.428000000004,14.024260353115622,0.6113565570720679,8.99248370342423,2
sample3,9900.995999999994,1.139288100796647,8690.511200000003,14.23966866298958,0.6353474767907753,8.987644673613932,4
sample4,915.1679999999999,1.0707944030939298,854.6626666666668,16.263726663307313,1.6216097241394651,8.094623373845355,10
