Tag,MW,MolVolume,delta_d,delta_p,delta_h,sp
PMMA_10,1003.1860000000004,950.2080000000002,15.365056913854648,1.6307124897732976,8.583011190358757,17.675188210712744
HEMA_10,1303.4460000000006,1202.4720000000002,14.886001503569313,1.8410576109634416,14.98457382934646,21.20188639575
HPMA_3,482.58266666666685,465.6106666666668,14.891689364521376,2.761436501322556,13.89802923855878,20.55658094068105
None,498.31655555555545,534.3857777777779,15.761817948380935,1.7983844242708722,7.514874689121592,17.76448041211433
dw,400.253843137255,427.9970196078434,15.607404607614763,2.40805419997379,8.81346623848745,18.390447560065077
