Tag,MW,Density,MolVolume,delta_d,delta_p,delta_h,sp
VMA,39470.41599999899,0.9035129734122072,43685.500000000015,8.848931567682637,0.1121653637934783,4.00295183571678,9.71286746318684
PHPMA,14419.016000000003,1.106834130891684,13027.260000000002,15.29868905663969,0.537389616026306,14.396447625349763,21.014194695029328
PGMA,14217.416000000005,1.150226122806932,12360.540000000005,14.020423055950625,0.5117370147539982,8.994588055440785,16.66543583970066
PHEMA,13016.31599999996,1.1462000024656405,11356.06,15.52475066176121,0.61647386939439,15.419420169363066,21.8896423337811
sample1,23678.185999999318,0.9701965404926367,24405.556000000004,15.384611602374473,0.24140074205489,7.464919025536644,17.101741564296862
