Tag,SMILES,MW,Density,MolVolume,delta_d,delta_p,delta_h,sp
methyl methacrylate,CC(=C)C(=O)OC,100.117,0.982294233999466,101.92160000000004,16.679486978226397,4.80761683490055,8.287354252026354,19.23535042536585
SMA,CCCCCCCCCCCCCCCCCCOC(=O)C(=C)C,338.576,0.8819435182715389,383.89760000000007,16.384577554014403,1.2763820352093889,4.270132208072701,16.97991642493383
GMA,CC(=C)C(=O)OCC1CO1,142.154,1.0378446730096427,136.97040000000004,14.601694964751504,4.618038525365615,8.544499682471615,17.536939598720412
HPMA,CC(COC(=O)C(=C)C)O,144.17,1.0037065503739966,143.63760000000002,15.734041782931486,4.87387303134754,13.710326967227898,21.431000319654405
HEMA,CC(=C)C(=O)OCCO,130.143,1.0253487082196184,126.9256,15.993621460130974,5.5156046134702965,14.585028078512675,22.33698425734996
VMA,CCCCCCCCCCCCCCCCCCCCCCOC(=O)C(=C)C,394.6840000000002,0.8766469725911779,450.22000000000014,16.36977477677579,1.0883568033405886,3.9430894402025656,16.87311474231061
