Name,Object Val,logP,carboxyl (mmol/g),carboxylate (mmol/g),hydroxyl (mmol/g),ether (mmol/g),ester (mmol/g),epoxy (mmol/g),amide (mmol/g),cyano (mmol/g),amine (mmol/g),ammonium (mmol/g),phenyl (mmol/g),methyl (mmol/g),methylene (mmol/g),methyne (mmol/g),quat_carbon (mmol/g),vinyl (mmol/g),asetylene (mmol/g),siloxane (mmol/g)
sample1,1.0,9.047000000000002,0.0,0.0,0.0,0.0,2.5336725076263527,0.0,0.0,0.0,0.0,0.0,0.0,5.067345015252705,55.74079516777976,0.0,2.5336725076263527,0.0,0.0,0.0
sample2,0.0,0.3763999999999999,13.876746735495333,0.0,0.0,0.0,0.0,0.0,0.0,0.0,0.0,0.0,0.0,0.0,13.876746735495333,13.876746735495333,0.0,0.0,0.0,0.0
sample3,4.0,0.6058999999999999,0.0,0.0,6.9362558091142406,0.0,6.9362558091142406,0.0,0.0,0.0,0.0,0.0,0.0,13.87251161822848,13.87251161822848,6.9362558091142406,6.9362558091142406,0.0,0.0,0.0
sample4,4.0,0.8609399999999999,0.0,0.0,5.549004647291392,0.0,6.955494190041643,0.0,0.0,0.0,0.0,0.0,0.0,15.317477922833534,13.910988380083284,6.955494190041643,6.955494190041643,0.0,0.0,0.0
sample5,1.0,9.047000000000002,0.0,0.0,0.0,0.0,2.5336725076263527,0.0,0.0,0.0,0.0,0.0,0.0,5.067345015252705,55.74079516777976,0.0,2.5336725076263527,0.0,0.0,0.0
