Name,Object Val,logP,carboxyl (mmol/g),carboxylate (mmol/g),hydroxyl (mmol/g),ether (mmol/g),ester (mmol/g),epoxy (mmol/g),amide (mmol/g),cyano (mmol/g),amine (mmol/g),ammonium (mmol/g),phenyl (mmol/g),methyl (mmol/g),methylene (mmol/g),methyne (mmol/g),quat_carbon (mmol/g),vinyl (mmol/g),asetylene (mmol/g),siloxane (mmol/g)
sample1,1,0.466618918918919,0.0,0.0,15.11257071159037,0.0,0.7892669793426733,0.0,0.0,0.0,0.0,0.0,0.0,31.80367538186609,1.700075302249544,15.11257071159037,0.7892669793426733,0.0,0.0,0.0
sample2,1,1.1393809523809524,0.0,0.0,7.923829808813834,0.0,3.765968600391246,0.0,0.0,0.0,0.0,0.0,0.0,26.728381444005997,7.531937200782494,11.272614434409668,3.765968600391246,0.0,0.0,0.0
sample3,1,0.5458571428571429,0.0,0.0,14.3481579686357,0.0,0.4171839747954131,0.0,0.0,0.0,0.0,0.0,0.0,29.530683886862228,7.258696109412694,14.3481579686357,0.4171839747954131,0.0,0.0,0.0
sample4,1,0.466618918918919,0.0,0.0,15.11257071159037,0.0,0.7892669793426733,0.0,0.0,0.0,0.0,0.0,0.0,31.80367538186609,1.700075302249544,15.11257071159037,0.7892669793426733,0.0,0.0,0.0
