Name,Object Val,logP,carboxyl (mmol/g),carboxylate (mmol/g),hydroxyl (mmol/g),ether (mmol/g),ester (mmol/g),epoxy (mmol/g),amide (mmol/g),cyano (mmol/g),amine (mmol/g),ammonium (mmol/g),phenyl (mmol/g),methyl (mmol/g),methylene (mmol/g),methyne (mmol/g),quat_carbon (mmol/g),vinyl (mmol/g),asetylene (mmol/g),siloxane (mmol/g)
,,1.2122888888888887,0.0,0.0,0.0,0.0,8.730258308296827,0.0,0.0,0.0,0.0,0.0,0.0,17.460516616593655,8.979306262796511,0.0,0.0,8.730258308296827,0.0,0.0
s,1,3.204910000000002,1.6531220863723233,0.0,0.0,0.0,4.402983644651027,0.0,0.0,0.0,0.0,0.0,0.0,15.418455634791346,14.13820114648469,4.95936625911697,3.3062441727446465,7.709227817395673,0.0,0.0
s,1,2.833735714285716,1.1808014902659452,0.0,0.0,0.0,5.1542590929653755,0.0,0.0,0.0,0.0,0.0,0.0,15.031724146994533,16.12652743070442,3.5424044707978357,2.3616029805318903,7.515862073497266,0.0,0.0
s,1,3.1834416666666687,1.3776017386436026,0.0,0.0,0.0,4.34858332962584,0.0,0.0,0.0,0.0,0.0,0.0,14.207573613826094,18.81428200248849,4.132805215930808,2.755203477287205,7.103786806913045,0.0,0.0
s,1,1.7386142857142857,0.0,0.0,0.0,0.0,7.454714279358583,0.0,0.0,0.0,0.0,0.0,0.0,14.909428558717169,18.0834369782175,0.0,0.0,7.454714279358583,0.0,0.0
