Name,Conc,logP,MR,carboxy,carboxylate,hydroxy,ether,ester,ketone,epoxy,amide,cyano,amine,ammonium,phenyl,methyl,methylene,methyne,quat_carbon,vinyl,asetylene,siloxane
No1,50,0.6717500000000001,27.432879999999987,0,0.0,0.768385545131125,0.0,9.757867850833454,0.0,0,0.0,0.0,0.0,0.0,0.0,18.747350156535784,1.53677109026225,0.0,0.0,9.757867850833454,0.0,0.0
No2,50,3.570066666666669,56.76796666666669,2.3127911225825555,0.0,0.0,0.0,4.5007393964689015,0.0,0,0.0,0.0,0.0,0.0,0.0,16.033926506689056,23.55029469213716,2.3127911225825555,8.016963253344528,0.0,0.0,0.0
No3,50,0.54425,28.638639999999988,0,0.0,2.305156635393375,0.0,9.296976206495186,0.0,0,0.0,0.0,0.0,0.0,0.0,16.288795777597,4.61031327078675,0.0,0.0,9.296976206495186,0.0,0.0
No4,50,0.48050000000000004,29.241519999999987,0,0.0,3.0735421805245,0.0,9.066530384326054,0.0,0,0.0,0.0,0.0,0.0,0.0,15.059518588127606,6.147084361049,0.0,0.0,9.066530384326054,0.0,0.0
No5,50,0.41675,29.844399999999986,0,0.0,3.841927725655625,0.0,8.83608456215692,0.0,0,0.0,0.0,0.0,0.0,0.0,13.830241398658213,7.68385545131125,0.0,0.0,8.83608456215692,0.0,0.0
MMA/tBMA=90/10,50,0.86431,28.04889999999999,0,0.0,0.0,0.0,9.692727077077455,0.0,0,0.0,0.0,0.0,0.0,0.0,20.79194369690516,0.703244771375125,0.0,1.4064895427502502,8.98948230570233,0.0,0.0
MMA/BMA=90/10,50,0.8644700000000001,28.051099999999987,0,0.0,0.0,0.0,9.692727077077455,0.0,0,0.0,0.0,0.0,0.0,0.0,19.38545415415491,2.8129790855005004,0.0,0.703244771375125,8.98948230570233,0.0,0.0
New Sample,50,1.9166857142857148,36.98613142857144,3.982543185702671,0.0,0.0,0.0,4.166525995877559,0.0,0,0.0,0.0,0.0,0.0,0.0,19.496027336371597,13.912168345786775,1.152619832841309,11.16297534461648,0.0,0.0,0.0
